ID,PO No,Supplier ID,PO Date,ITEM NO,Quantity,INVENTORY ID,PO DateReceived,PO DateRequired,PO DateRevised,QtyReceived,ShipBy,SpecialRequest,POLineClosed,Scanned,Tag,ShipLocalle,UnitCost
168756,35203,Ltcp137,01-Oct-25,1,1,CS1116,06-Oct-25,02-Oct-25,,1,,,-1,,,Main Plant,0
168757,35203,Ltcp137,01-Oct-25,2,1,CS0441,06-Oct-25,02-Oct-25,,1,,,-1,,,Main Plant,0
168758,35203,Ltcp137,01-Oct-25,3,1,STAIN REDUCER,06-Oct-25,02-Oct-25,,1,,,-1,,,Main Plant,0
168759,35203,Ltcp137,01-Oct-25,4,1,528110,06-Oct-25,02-Oct-25,,1,,,-1,,,Main Plant,0
168760,35203,Ltcp137,01-Oct-25,5,20,528802,06-Oct-25,02-Oct-25,,20,,,-1,,,Main Plant,0
168761,35203,Ltcp137,01-Oct-25,6,1,528620,06-Oct-25,02-Oct-25,,1,,,-1,,,Main Plant,0
168762,35203,Ltcp137,01-Oct-25,7,2,Gentek 554,06-Oct-25,02-Oct-25,,2,,,-1,,,Main Plant,0
168763,35203,Ltcp137,01-Oct-25,8,2,528925,06-Oct-25,02-Oct-25,,2,,,-1,,,Main Plant,0
168764,35203,Ltcp137,01-Oct-25,9,1,70131,06-Oct-25,02-Oct-25,,1,,,-1,,,Main Plant,0
168765,35203,Ltcp137,01-Oct-25,10,1,528927,06-Oct-25,02-Oct-25,,1,,,-1,,,Main Plant,0
168766,35203,Ltcp137,01-Oct-25,11,1,528210,06-Oct-25,02-Oct-25,,1,,,-1,,,Main Plant,0
168767,35203,Ltcp137,01-Oct-25,12,2,528219,06-Oct-25,02-Oct-25,,2,,,-1,,,Main Plant,0
168768,35203,Ltcp137,01-Oct-25,13,1,70121,06-Oct-25,02-Oct-25,,1,,,-1,,,Main Plant,0
168769,35203,Ltcp137,01-Oct-25,14,1,528215,06-Oct-25,02-Oct-25,,1,,,-1,,,Main Plant,0
168770,35203,Ltcp137,01-Oct-25,15,1,400426,06-Oct-25,02-Oct-25,,1,,,-1,,,Main Plant,0
168771,35203,Ltcp137,01-Oct-25,16,2,528634,06-Oct-25,02-Oct-25,,2,,,-1,,,Main Plant,0
168772,35203,Ltcp137,01-Oct-25,17,1,528616,06-Oct-25,02-Oct-25,,1,,,-1,,,Main Plant,0
168773,35203,Ltcp137,01-Oct-25,18,1,528021,06-Oct-25,02-Oct-25,,1,,,-1,,,Main Plant,0
168774,35203,Ltcp137,01-Oct-25,19,1,585022,06-Oct-25,02-Oct-25,,1,,,-1,,,Main Plant,0
168775,35203,Ltcp137,01-Oct-25,20,4,400050,06-Oct-25,02-Oct-25,,4,,,-1,,,Main Plant,0
168776,35203,Ltcp137,01-Oct-25,21,1,Gentek 265,06-Oct-25,02-Oct-25,,1,,,-1,,,Main Plant,0
168777,35203,Ltcp137,01-Oct-25,22,1,Gentek 5H3,06-Oct-25,02-Oct-25,,1,,,-1,,,Main Plant,0
168778,35203,Ltcp137,01-Oct-25,23,1,Gentek 567,06-Oct-25,02-Oct-25,,1,,,-1,,,Main Plant,0
168779,35203,Ltcp137,01-Oct-25,24,1,Gentek 509,06-Oct-25,02-Oct-25,,1,,,-1,,,Main Plant,0
168780,35203,Ltcp137,01-Oct-25,25,1,Gentek 542,06-Oct-25,02-Oct-25,,1,,,-1,,,Main Plant,0
168781,35203,Ltcp137,01-Oct-25,26,1,NC0024L3.2-CLEARCOAT  30 %,06-Oct-25,02-Oct-25,,1,,,-1,,,Main Plant,0
168976,35246,Ltcp137,03-Oct-25,1,1,528925,06-Oct-25,03-Oct-25,,1,,,-1,,,Main Plant,0
168977,35246,Ltcp137,03-Oct-25,2,1,528405,06-Oct-25,03-Oct-25,,1,,,-1,,,Main Plant,0
168978,35246,Ltcp137,03-Oct-25,3,1,528210,06-Oct-25,03-Oct-25,,1,,,-1,,,Main Plant,0
168979,35246,Ltcp137,03-Oct-25,4,1,528219,06-Oct-25,03-Oct-25,,1,,,-1,,,Main Plant,0
168980,35246,Ltcp137,03-Oct-25,5,3,528634,06-Oct-25,03-Oct-25,,3,,,-1,,,Main Plant,0
168981,35246,Ltcp137,03-Oct-25,6,1,528021,06-Oct-25,03-Oct-25,,1,,,-1,,,Main Plant,0
168982,35246,Ltcp137,03-Oct-25,7,1,Gentek 265,06-Oct-25,03-Oct-25,,1,,,-1,,,Main Plant,0
168983,35246,Ltcp137,03-Oct-25,8,1,Gentek 5H3,06-Oct-25,03-Oct-25,,1,,,-1,,,Main Plant,0
168984,35246,Ltcp137,03-Oct-25,9,1,MATT BLACK,06-Oct-25,03-Oct-25,,1,,,-1,,,Main Plant,0
168985,35246,Ltcp137,03-Oct-25,10,1,Gentek 5H6,06-Oct-25,03-Oct-25,,1,,,-1,,,Main Plant,0
168986,35246,Ltcp137,03-Oct-25,11,1,Gentek 509,06-Oct-25,03-Oct-25,,1,,,-1,,,Main Plant,0
169054,35265,Ltcp137,06-Oct-25,1,1,CS1152,07-Oct-25,06-Oct-25,,1,,,-1,,,Main Plant,0
169055,35265,Ltcp137,06-Oct-25,2,20,528802,07-Oct-25,06-Oct-25,,20,,,-1,,,Main Plant,0
169056,35265,Ltcp137,06-Oct-25,3,1,528925,07-Oct-25,06-Oct-25,,1,,,-1,,,Main Plant,0
169057,35265,Ltcp137,06-Oct-25,4,1,528219,07-Oct-25,06-Oct-25,,1,,,-1,,,Main Plant,0
169058,35265,Ltcp137,06-Oct-25,5,1,528304,07-Oct-25,06-Oct-25,,1,,,-1,,,Main Plant,0
169059,35265,Ltcp137,06-Oct-25,6,2,528111,07-Oct-25,06-Oct-25,,2,,,-1,,,Main Plant,0
169060,35265,Ltcp137,06-Oct-25,7,3,528021,07-Oct-25,06-Oct-25,,3,,,-1,,,Main Plant,0
169061,35265,Ltcp137,06-Oct-25,8,1,585022,07-Oct-25,06-Oct-25,,1,,,-1,,,Main Plant,0
169062,35265,Ltcp137,06-Oct-25,9,2,400050,07-Oct-25,06-Oct-25,,2,,,-1,,,Main Plant,0
169063,35265,Ltcp137,06-Oct-25,10,2,528110,07-Oct-25,06-Oct-25,,2,,,-1,,,Main Plant,0
169064,35265,Ltcp137,06-Oct-25,11,3,528927,07-Oct-25,06-Oct-25,,3,,,-1,,,Main Plant,0
169140,35278,Ltcp137,06-Oct-25,1,10,528802,10-Oct-25,06-Oct-25,,10,,,-1,,,Patio Door Plant,0
169141,35278,Ltcp137,06-Oct-25,2,1,70136,10-Oct-25,06-Oct-25,,1,,,-1,,,Patio Door Plant,0
169142,35278,Ltcp137,06-Oct-25,3,1,528620,10-Oct-25,06-Oct-25,,1,,,-1,,,Patio Door Plant,0
169143,35278,Ltcp137,06-Oct-25,4,1,528210,10-Oct-25,06-Oct-25,,1,,,-1,,,Patio Door Plant,0
169144,35278,Ltcp137,06-Oct-25,5,1,528219,10-Oct-25,06-Oct-25,,1,,,-1,,,Patio Door Plant,0
169145,35278,Ltcp137,06-Oct-25,6,1,70135,10-Oct-25,06-Oct-25,,1,,,-1,,,Patio Door Plant,0
169146,35278,Ltcp137,06-Oct-25,7,1,70121,10-Oct-25,06-Oct-25,,1,,,-1,,,Patio Door Plant,0
169147,35278,Ltcp137,06-Oct-25,8,1,400426,10-Oct-25,06-Oct-25,,1,,,-1,,,Patio Door Plant,0
169148,35278,Ltcp137,06-Oct-25,9,1,528634,10-Oct-25,06-Oct-25,,1,,,-1,,,Patio Door Plant,0
169149,35278,Ltcp137,06-Oct-25,10,1,528021,10-Oct-25,06-Oct-25,,1,,,-1,,,Patio Door Plant,0
169150,35278,Ltcp137,06-Oct-25,11,1,400050,10-Oct-25,06-Oct-25,,1,,,-1,,,Patio Door Plant,0
169151,35278,Ltcp137,06-Oct-25,12,1,Gentek 502,10-Oct-25,06-Oct-25,,1,,,-1,,,Patio Door Plant,0
169588,35369,Ltcp137,10-Oct-25,1,1,528110,17-Oct-25,14-Oct-25,,1,,,-1,,,Main Plant,0
169589,35369,Ltcp137,10-Oct-25,2,30,528802,17-Oct-25,14-Oct-25,,30,,,-1,,,Main Plant,0
169590,35369,Ltcp137,10-Oct-25,3,1,Gentek 554,17-Oct-25,14-Oct-25,,1,,,-1,,,Main Plant,0
169591,35369,Ltcp137,10-Oct-25,4,2,528925,17-Oct-25,14-Oct-25,,2,,,-1,,,Main Plant,0
169592,35369,Ltcp137,10-Oct-25,5,1,528210,17-Oct-25,14-Oct-25,,1,,,-1,,,Main Plant,0
169593,35369,Ltcp137,10-Oct-25,6,3,528219,17-Oct-25,14-Oct-25,,3,,,-1,,,Main Plant,0
169594,35369,Ltcp137,10-Oct-25,7,1,528304,17-Oct-25,14-Oct-25,,1,,,-1,,,Main Plant,0
169595,35369,Ltcp137,10-Oct-25,8,3,528111,17-Oct-25,14-Oct-25,,3,,,-1,,,Main Plant,0
169596,35369,Ltcp137,10-Oct-25,9,7,528634,17-Oct-25,14-Oct-25,,7,,,-1,,,Main Plant,0
169597,35369,Ltcp137,10-Oct-25,10,1,528616,17-Oct-25,14-Oct-25,,1,,,-1,,,Main Plant,0
169598,35369,Ltcp137,10-Oct-25,11,4,528021,17-Oct-25,14-Oct-25,,4,,,-1,,,Main Plant,0
169599,35369,Ltcp137,10-Oct-25,12,1,585022,17-Oct-25,14-Oct-25,,1,,,-1,,,Main Plant,0
169600,35369,Ltcp137,10-Oct-25,13,4,400050,17-Oct-25,14-Oct-25,,4,,,-1,,,Main Plant,0
169601,35369,Ltcp137,10-Oct-25,14,1,Gentek 567,17-Oct-25,14-Oct-25,,1,,,-1,,,Main Plant,0
169602,35369,Ltcp137,10-Oct-25,15,1,Gentek P31,17-Oct-25,14-Oct-25,,1,,,-1,,,Main Plant,0
169603,35369,Ltcp137,10-Oct-25,16,2,Gentek 509,17-Oct-25,14-Oct-25,,2,,,-1,,,Main Plant,0
169604,35369,Ltcp137,10-Oct-25,17,1,Gentek 542,17-Oct-25,14-Oct-25,,1,,,-1,,,Main Plant,0
169605,35369,Ltcp137,10-Oct-25,18,1,Gentek 5H2,17-Oct-25,14-Oct-25,,1,,,-1,,,Main Plant,0
169665,35378,Ltcp137,14-Oct-25,1,20,528802,20-Oct-25,04-Nov-25,,20,,,-1,,,Main Plant,0
169666,35378,Ltcp137,14-Oct-25,2,1,528125,20-Oct-25,04-Nov-25,,1,,,-1,,,Main Plant,0
169667,35378,Ltcp137,14-Oct-25,3,1,528219,20-Oct-25,04-Nov-25,,1,,,-1,,,Main Plant,0
169668,35378,Ltcp137,14-Oct-25,4,3,528634,20-Oct-25,04-Nov-25,,3,,,-1,,,Main Plant,0
169669,35378,Ltcp137,14-Oct-25,5,2,400050,20-Oct-25,04-Nov-25,,2,,,-1,,,Main Plant,0
169709,35390,Ltcp137,14-Oct-25,1,1,70024,22-Oct-25,15-Oct-25,,1,,,-1,,,Patio Door Plant,0
169710,35390,Ltcp137,14-Oct-25,2,1,528927,22-Oct-25,15-Oct-25,,1,,,-1,,,Patio Door Plant,0
169711,35390,Ltcp137,14-Oct-25,3,1,528219,22-Oct-25,15-Oct-25,,1,,,-1,,,Patio Door Plant,0
169712,35390,Ltcp137,14-Oct-25,4,1,528634,22-Oct-25,15-Oct-25,,1,,,-1,,,Patio Door Plant,0
169713,35390,Ltcp137,14-Oct-25,5,1,528021,22-Oct-25,15-Oct-25,,1,,,-1,,,Patio Door Plant,0
169714,35390,Ltcp137,14-Oct-25,6,1,400050,22-Oct-25,15-Oct-25,,1,,,-1,,,Patio Door Plant,0
169715,35390,Ltcp137,14-Oct-25,7,1,MATT BLACK,22-Oct-25,15-Oct-25,,1,,,-1,,,Patio Door Plant,0
169790,35403,Ltcp137,10/27/2025,1,1,CS1164,10/29/2025,10/28/2025,,1,,,-1,,,Main Plant,0
169791,35403,Ltcp137,10/27/2025,2,1,CS0142,10/29/2025,10/28/2025,,1,,,-1,,,Main Plant,0
169792,35403,Ltcp137,10/27/2025,3,1,Gentek 5X2,10/29/2025,10/28/2025,,1,,,-1,,,Main Plant,0
169793,35403,Ltcp137,10/27/2025,4,1,Gentek 502,10/29/2025,10/28/2025,,1,,,-1,,,Main Plant,0
170068,35459,Ltcp137,17-Oct-25,1,1,CS0437,21-Oct-25,20-Oct-25,,1,,,-1,,,Main Plant,0
170069,35459,Ltcp137,17-Oct-25,2,2,528110,21-Oct-25,20-Oct-25,,2,,,-1,,,Main Plant,0
170070,35459,Ltcp137,17-Oct-25,3,30,528802,21-Oct-25,20-Oct-25,,30,,,-1,,,Main Plant,0
170071,35459,Ltcp137,17-Oct-25,4,1,528214,21-Oct-25,20-Oct-25,,1,,,-1,,,Main Plant,0
170072,35459,Ltcp137,17-Oct-25,5,1,70024,21-Oct-25,20-Oct-25,,1,,,-1,,,Main Plant,0
170073,35459,Ltcp137,17-Oct-25,6,1,Gentek 554,21-Oct-25,20-Oct-25,,1,,,-1,,,Main Plant,0
170074,35459,Ltcp137,17-Oct-25,7,3,528925,21-Oct-25,20-Oct-25,,3,,,-1,,,Main Plant,0
170075,35459,Ltcp137,17-Oct-25,8,1,70132,21-Oct-25,20-Oct-25,,1,,,-1,,,Main Plant,0
170076,35459,Ltcp137,17-Oct-25,9,1,528215,21-Oct-25,20-Oct-25,,1,,,-1,,,Main Plant,0
170077,35459,Ltcp137,17-Oct-25,10,1,528304,21-Oct-25,20-Oct-25,,1,,,-1,,,Main Plant,0
170078,35459,Ltcp137,17-Oct-25,11,1,400426,21-Oct-25,20-Oct-25,,1,,,-1,,,Main Plant,0
170079,35459,Ltcp137,17-Oct-25,12,2,528634,21-Oct-25,20-Oct-25,,2,,,-1,,,Main Plant,0
170080,35459,Ltcp137,17-Oct-25,13,1,528616,21-Oct-25,20-Oct-25,,1,,,-1,,,Main Plant,0
170081,35459,Ltcp137,17-Oct-25,14,2,528613,21-Oct-25,20-Oct-25,,2,,,-1,,,Main Plant,0
170082,35459,Ltcp137,17-Oct-25,15,3,528021,21-Oct-25,20-Oct-25,,3,,,-1,,,Main Plant,0
170083,35459,Ltcp137,17-Oct-25,16,1,585022,21-Oct-25,20-Oct-25,,1,,,-1,,,Main Plant,0
170084,35459,Ltcp137,17-Oct-25,17,3,400050,21-Oct-25,20-Oct-25,,3,,,-1,,,Main Plant,0
170085,35459,Ltcp137,17-Oct-25,18,1,Gentek 265,21-Oct-25,20-Oct-25,,1,,,-1,,,Main Plant,0
170086,35459,Ltcp137,17-Oct-25,19,1,Gentek 580,21-Oct-25,20-Oct-25,,1,,,-1,,,Main Plant,0
170087,35459,Ltcp137,17-Oct-25,20,1,Gentek 5H4,21-Oct-25,20-Oct-25,,1,,,-1,,,Main Plant,0
170247,35502,Ltcp137,10/20/2025,1,1,CS1116,10/24/2025,10/21/2025,,1,,,-1,,,Main Plant,0
170248,35502,Ltcp137,10/20/2025,2,1,Gentek 554,10/24/2025,10/21/2025,,1,,,-1,,,Main Plant,0
170249,35502,Ltcp137,10/20/2025,3,3,528925,10/24/2025,10/21/2025,,3,,,-1,,,Main Plant,0
170250,35502,Ltcp137,10/20/2025,4,1,528210,10/24/2025,10/21/2025,,1,,,-1,,,Main Plant,0
170251,35502,Ltcp137,10/20/2025,5,2,528221,10/24/2025,10/21/2025,,2,,,-1,,,Main Plant,0
170252,35502,Ltcp137,10/20/2025,6,2,528111,10/24/2025,10/21/2025,,2,,,-1,,,Main Plant,0
170253,35502,Ltcp137,10/20/2025,7,1,528616,10/24/2025,10/21/2025,,1,,,-1,,,Main Plant,0
170254,35502,Ltcp137,10/20/2025,8,1,585022,10/24/2025,10/21/2025,,1,,,-1,,,Main Plant,0
170255,35502,Ltcp137,10/20/2025,9,1,400050,10/24/2025,10/21/2025,,1,,,-1,,,Main Plant,0
170256,35502,Ltcp137,10/20/2025,10,1,Gentek 265,10/24/2025,10/21/2025,,1,,,-1,,,Main Plant,0
170257,35502,Ltcp137,10/20/2025,11,1,NC0024L3.2-CLEARCOAT  30 %,10/24/2025,10/21/2025,,1,,,-1,,,Main Plant,0
170438,35524,Ltcp137,10/22/2025,1,10,528802,10/24/2025,10/23/2025,,10,,,-1,,,Patio Door Plant,0
170439,35524,Ltcp137,10/22/2025,2,1,528634,10/24/2025,10/23/2025,,1,,,-1,,,Patio Door Plant,0
170440,35524,Ltcp137,10/22/2025,3,1,528613,10/24/2025,10/23/2025,,1,,,-1,,,Patio Door Plant,0
170441,35524,Ltcp137,10/22/2025,4,1,528021,10/24/2025,10/23/2025,,1,,,-1,,,Patio Door Plant,0
170442,35524,Ltcp137,10/22/2025,5,1,400050,10/24/2025,10/23/2025,,1,,,-1,,,Patio Door Plant,0
170443,35524,Ltcp137,10/22/2025,6,1,MATT BLACK,10/24/2025,10/23/2025,,1,,,-1,,,Patio Door Plant,0
170444,35524,Ltcp137,10/22/2025,7,1,Gentek 5P8,10/24/2025,10/23/2025,,1,,,-1,,,Patio Door Plant,0
170445,35524,Ltcp137,10/22/2025,8,1,Gentek 5H2,10/24/2025,10/23/2025,,1,,,-1,,,Patio Door Plant,0
170676,35566,Ltcp137,24-Oct-25,1,1,CS1152,29-Oct-25,27-Oct-25,,1,,,-1,,,Main Plant,0
170677,35566,Ltcp137,24-Oct-25,2,1,STAIN REDUCER,29-Oct-25,27-Oct-25,,1,,,-1,,,Main Plant,0
170678,35566,Ltcp137,24-Oct-25,3,10,528802,29-Oct-25,27-Oct-25,,10,,,-1,,,Main Plant,0
170679,35566,Ltcp137,24-Oct-25,4,1,528620,29-Oct-25,27-Oct-25,,1,,,-1,,,Main Plant,0
170680,35566,Ltcp137,24-Oct-25,5,2,70131,29-Oct-25,27-Oct-25,,2,,,-1,,,Main Plant,0
170681,35566,Ltcp137,24-Oct-25,6,1,528405,29-Oct-25,27-Oct-25,,1,,,-1,,,Main Plant,0
170682,35566,Ltcp137,24-Oct-25,7,1,70138,29-Oct-25,27-Oct-25,,1,,,-1,,,Main Plant,0
170683,35566,Ltcp137,24-Oct-25,8,1,528111,29-Oct-25,27-Oct-25,,1,,,-1,,,Main Plant,0
170684,35566,Ltcp137,24-Oct-25,9,2,528634,29-Oct-25,27-Oct-25,,2,,,-1,,,Main Plant,0
170685,35566,Ltcp137,24-Oct-25,10,1,Gentek 567,29-Oct-25,27-Oct-25,,1,,,-1,,,Main Plant,0
170686,35566,Ltcp137,24-Oct-25,11,1,KV Solid Cream,29-Oct-25,27-Oct-25,,1,,,-1,,,Main Plant,0
170687,35566,Ltcp137,24-Oct-25,12,1,Gentek 5H6,29-Oct-25,27-Oct-25,,1,,,-1,,,Main Plant,0
170688,35566,Ltcp137,24-Oct-25,13,1,Gentek P31,29-Oct-25,27-Oct-25,,1,,,-1,,,Main Plant,0
170689,35566,Ltcp137,24-Oct-25,14,2,Gentek 542,29-Oct-25,27-Oct-25,,2,,,-1,,,Main Plant,0
170676,35566,Ltcp137,24-Oct-25,1,1,CS1152,29-Oct-25,27-Oct-25,,1,,,-1,,,Main Plant,0
170677,35566,Ltcp137,24-Oct-25,2,1,STAIN REDUCER,29-Oct-25,27-Oct-25,,1,,,-1,,,Main Plant,0
170678,35566,Ltcp137,24-Oct-25,3,10,528802,29-Oct-25,27-Oct-25,,10,,,-1,,,Main Plant,0
170679,35566,Ltcp137,24-Oct-25,4,1,528620,29-Oct-25,27-Oct-25,,1,,,-1,,,Main Plant,0
170680,35566,Ltcp137,24-Oct-25,5,2,70131,29-Oct-25,27-Oct-25,,2,,,-1,,,Main Plant,0
170681,35566,Ltcp137,24-Oct-25,6,1,528405,29-Oct-25,27-Oct-25,,1,,,-1,,,Main Plant,0
170682,35566,Ltcp137,24-Oct-25,7,1,70138,29-Oct-25,27-Oct-25,,1,,,-1,,,Main Plant,0
170683,35566,Ltcp137,24-Oct-25,8,1,528111,29-Oct-25,27-Oct-25,,1,,,-1,,,Main Plant,0
170684,35566,Ltcp137,24-Oct-25,9,2,528634,29-Oct-25,27-Oct-25,,2,,,-1,,,Main Plant,0
170685,35566,Ltcp137,24-Oct-25,10,1,Gentek 567,29-Oct-25,27-Oct-25,,1,,,-1,,,Main Plant,0
170686,35566,Ltcp137,24-Oct-25,11,1,KV Solid Cream,29-Oct-25,27-Oct-25,,1,,,-1,,,Main Plant,0
170687,35566,Ltcp137,24-Oct-25,12,1,Gentek 5H6,29-Oct-25,27-Oct-25,,1,,,-1,,,Main Plant,0
170688,35566,Ltcp137,24-Oct-25,13,1,Gentek P31,29-Oct-25,27-Oct-25,,1,,,-1,,,Main Plant,0
170689,35566,Ltcp137,24-Oct-25,14,2,Gentek 542,29-Oct-25,27-Oct-25,,2,,,-1,,,Main Plant,0
171104,35648,Ltcp137,10/29/2025,1,1,CS1116,10/29/2025,10/29/2025,,1,,,-1,,,Main Plant,0
171105,35648,Ltcp137,10/29/2025,2,1,CS1164,10/29/2025,10/29/2025,,1,,,-1,,,Main Plant,0
171106,35648,Ltcp137,10/29/2025,3,20,528802,10/29/2025,10/29/2025,,20,,,-1,,,Main Plant,0
171107,35648,Ltcp137,10/29/2025,4,1,70024,10/29/2025,10/29/2025,,1,,,-1,,,Main Plant,0
171108,35648,Ltcp137,10/29/2025,5,2,528202,10/29/2025,10/29/2025,,2,,,-1,,,Main Plant,0
171109,35648,Ltcp137,10/29/2025,6,1,528210,10/29/2025,10/29/2025,,1,,,-1,,,Main Plant,0
171110,35648,Ltcp137,10/29/2025,7,1,528219,10/29/2025,10/29/2025,,1,,,-1,,,Main Plant,0
171111,35648,Ltcp137,10/29/2025,8,1,528111,10/29/2025,10/29/2025,,1,,,-1,,,Main Plant,0
171112,35648,Ltcp137,10/29/2025,9,4,528634,10/29/2025,10/29/2025,,4,,,-1,,,Main Plant,0
171113,35648,Ltcp137,10/29/2025,10,1,528616,10/29/2025,10/29/2025,,1,,,-1,,,Main Plant,0
171114,35648,Ltcp137,10/29/2025,11,3,528021,10/29/2025,10/29/2025,,3,,,-1,,,Main Plant,0
171115,35648,Ltcp137,10/29/2025,12,1,585022,10/29/2025,10/29/2025,,1,,,-1,,,Main Plant,0
171116,35648,Ltcp137,10/29/2025,13,3,400050,10/29/2025,10/29/2025,,3,,,-1,,,Main Plant,0
171117,35648,Ltcp137,10/29/2025,14,1,Gentek 5H3,10/29/2025,10/29/2025,,1,,,-1,,,Main Plant,0
171118,35648,Ltcp137,10/29/2025,15,1,Gentek 509,10/29/2025,10/29/2025,,1,,,-1,,,Main Plant,0
171119,35648,Ltcp137,10/29/2025,16,1,Gentek 513,10/29/2025,10/29/2025,,1,,,-1,,,Main Plant,0
171120,35648,Ltcp137,10/29/2025,17,1,Gentek 5H2,10/29/2025,10/29/2025,,1,,,-1,,,Main Plant,0
171121,35648,Ltcp137,10/29/2025,18,1,NC0024L3.2-CLEARCOAT  30 %,10/29/2025,10/29/2025,,1,,,-1,,,Main Plant,0
171373,35689,Ltcp137,10/31/2025,1,1,CS1116,11/3/2025,10/31/2025,,1,,,-1,,,Main Plant,0
171374,35689,Ltcp137,10/31/2025,2,1,CS0444,11/3/2025,10/31/2025,,1,,,-1,,,Main Plant,0
171375,35689,Ltcp137,10/31/2025,3,1,CS1164,11/3/2025,10/31/2025,,1,,,-1,,,Main Plant,0
171376,35689,Ltcp137,10/31/2025,4,20,528802,11/3/2025,10/31/2025,,20,,,-1,,,Main Plant,0
171377,35689,Ltcp137,10/31/2025,5,1,70024,11/3/2025,10/31/2025,,1,,,-1,,,Main Plant,0
171378,35689,Ltcp137,10/31/2025,6,2,Gentek 554,11/3/2025,10/31/2025,,2,,,-1,,,Main Plant,0
171379,35689,Ltcp137,10/31/2025,7,2,528202,11/3/2025,10/31/2025,,2,,,-1,,,Main Plant,0
171380,35689,Ltcp137,10/31/2025,8,3,528210,11/3/2025,10/31/2025,,3,,,-1,,,Main Plant,0
171381,35689,Ltcp137,10/31/2025,9,1,70138,11/3/2025,10/31/2025,,1,,,-1,,,Main Plant,0
171382,35689,Ltcp137,10/31/2025,10,1,528219,11/3/2025,10/31/2025,,1,,,-1,,,Main Plant,0
171383,35689,Ltcp137,10/31/2025,11,4,400426,11/3/2025,10/31/2025,,4,,,-1,,,Main Plant,0
171384,35689,Ltcp137,10/31/2025,12,1,528634,11/3/2025,10/31/2025,,1,,,-1,,,Main Plant,0
171385,35689,Ltcp137,10/31/2025,13,1,528616,11/3/2025,10/31/2025,,1,,,-1,,,Main Plant,0
171386,35689,Ltcp137,10/31/2025,14,1,528021,11/3/2025,10/31/2025,,1,,,-1,,,Main Plant,0
171387,35689,Ltcp137,10/31/2025,15,1,Gentek 5H3,11/3/2025,10/31/2025,,1,,,-1,,,Main Plant,0
171388,35689,Ltcp137,10/31/2025,16,1,Gentek 5X2,11/3/2025,10/31/2025,,1,,,-1,,,Main Plant,0
171389,35689,Ltcp137,10/31/2025,17,1,KV Solid Cream,11/3/2025,10/31/2025,,1,,,-1,,,Main Plant,0
171390,35689,Ltcp137,10/31/2025,18,1,Gentek 502,11/3/2025,10/31/2025,,1,,,-1,,,Main Plant,0
171391,35689,Ltcp137,10/31/2025,19,2,Gentek 509,11/3/2025,10/31/2025,,2,,,-1,,,Main Plant,0
171392,35689,Ltcp137,10/31/2025,20,1,Gentek 513,11/3/2025,10/31/2025,,1,,,-1,,,Main Plant,0
171393,35689,Ltcp137,10/31/2025,21,2,Gentek 523,11/3/2025,10/31/2025,,2,,,-1,,,Main Plant,0
171373,35689,Ltcp137,10/31/2025,1,1,CS1116,11/3/2025,10/31/2025,,1,,,-1,,,Main Plant,0
171374,35689,Ltcp137,10/31/2025,2,1,CS0444,11/3/2025,10/31/2025,,1,,,-1,,,Main Plant,0
171375,35689,Ltcp137,10/31/2025,3,1,CS1164,11/3/2025,10/31/2025,,1,,,-1,,,Main Plant,0
171376,35689,Ltcp137,10/31/2025,4,20,528802,11/3/2025,10/31/2025,,20,,,-1,,,Main Plant,0
171377,35689,Ltcp137,10/31/2025,5,1,70024,11/3/2025,10/31/2025,,1,,,-1,,,Main Plant,0
171378,35689,Ltcp137,10/31/2025,6,2,Gentek 554,11/3/2025,10/31/2025,,2,,,-1,,,Main Plant,0
171379,35689,Ltcp137,10/31/2025,7,2,528202,11/3/2025,10/31/2025,,2,,,-1,,,Main Plant,0
171380,35689,Ltcp137,10/31/2025,8,3,528210,11/3/2025,10/31/2025,,3,,,-1,,,Main Plant,0
171381,35689,Ltcp137,10/31/2025,9,1,70138,11/3/2025,10/31/2025,,1,,,-1,,,Main Plant,0
171382,35689,Ltcp137,10/31/2025,10,1,528219,11/3/2025,10/31/2025,,1,,,-1,,,Main Plant,0
171383,35689,Ltcp137,10/31/2025,11,4,400426,11/3/2025,10/31/2025,,4,,,-1,,,Main Plant,0
171384,35689,Ltcp137,10/31/2025,12,1,528634,11/3/2025,10/31/2025,,1,,,-1,,,Main Plant,0
171385,35689,Ltcp137,10/31/2025,13,1,528616,11/3/2025,10/31/2025,,1,,,-1,,,Main Plant,0
171386,35689,Ltcp137,10/31/2025,14,1,528021,11/3/2025,10/31/2025,,1,,,-1,,,Main Plant,0
171387,35689,Ltcp137,10/31/2025,15,1,Gentek 5H3,11/3/2025,10/31/2025,,1,,,-1,,,Main Plant,0
171388,35689,Ltcp137,10/31/2025,16,1,Gentek 5X2,11/3/2025,10/31/2025,,1,,,-1,,,Main Plant,0
171389,35689,Ltcp137,10/31/2025,17,1,KV Solid Cream,11/3/2025,10/31/2025,,1,,,-1,,,Main Plant,0
171390,35689,Ltcp137,10/31/2025,18,1,Gentek 502,11/3/2025,10/31/2025,,1,,,-1,,,Main Plant,0
171391,35689,Ltcp137,10/31/2025,19,2,Gentek 509,11/3/2025,10/31/2025,,2,,,-1,,,Main Plant,0
171392,35689,Ltcp137,10/31/2025,20,1,Gentek 513,11/3/2025,10/31/2025,,1,,,-1,,,Main Plant,0
171393,35689,Ltcp137,10/31/2025,21,2,Gentek 523,11/3/2025,10/31/2025,,2,,,-1,,,Main Plant,0
171504,35730,Ltcp137,11/3/2025,1,20,528802,11/5/2025,11/5/2025,,20,,,-1,,,Main Plant,0
171505,35730,Ltcp137,11/3/2025,2,1,Gentek 554,11/5/2025,11/5/2025,,1,,,-1,,,Main Plant,0
171506,35730,Ltcp137,11/3/2025,3,1,528210,11/5/2025,11/5/2025,,1,,,-1,,,Main Plant,0
171507,35730,Ltcp137,11/3/2025,4,1,528613,11/5/2025,11/5/2025,,1,,,-1,,,Main Plant,0
171508,35730,Ltcp137,11/3/2025,5,1,Gentek 265,11/5/2025,11/5/2025,,1,,,-1,,,Main Plant,0
171509,35730,Ltcp137,11/3/2025,6,1,Gentek 567,11/5/2025,11/5/2025,,1,,,-1,,,Main Plant,0
171510,35730,Ltcp137,11/3/2025,7,1,Gentek 509,11/5/2025,11/5/2025,,1,,,-1,,,Main Plant,0
171511,35730,Ltcp137,11/3/2025,8,1,Gentek 5P8,11/5/2025,11/5/2025,,1,,,-1,,,Main Plant,0
171512,35730,Ltcp137,11/3/2025,9,1,Gentek 523,11/5/2025,11/5/2025,,1,,,-1,,,Main Plant,0
171513,35731,Ltcp137,11/3/2025,1,20,528802,,11/5/2025,,0,,,-1,,,Main Plant,0
171514,35731,Ltcp137,11/3/2025,2,1,Gentek 554,,11/5/2025,,0,,,-1,,,Main Plant,0
171515,35731,Ltcp137,11/3/2025,3,1,528210,,11/5/2025,,0,,,-1,,,Main Plant,0
171516,35731,Ltcp137,11/3/2025,4,1,528613,,11/5/2025,,0,,,-1,,,Main Plant,0
171517,35731,Ltcp137,11/3/2025,5,1,Gentek 265,,11/5/2025,,0,,,-1,,,Main Plant,0
171518,35731,Ltcp137,11/3/2025,6,1,Gentek 567,,11/5/2025,,0,,,-1,,,Main Plant,0
171519,35731,Ltcp137,11/3/2025,7,1,Gentek 509,,11/5/2025,,0,,,-1,,,Main Plant,0
171520,35731,Ltcp137,11/3/2025,8,1,Gentek 5P8,,11/5/2025,,0,,,-1,,,Main Plant,0
171521,35731,Ltcp137,11/3/2025,9,1,Gentek 523,,11/5/2025,,0,,,-1,,,Main Plant,0
171552,35737,Ltcp137,11/3/2025,1,10,528802,11/6/2025,11/4/2025,,10,,,-1,,,Patio Door Plant,0
171553,35737,Ltcp137,11/3/2025,2,1,528214,11/6/2025,11/4/2025,,1,,,-1,,,Patio Door Plant,0
171554,35737,Ltcp137,11/3/2025,3,1,70024,11/6/2025,11/4/2025,,1,,,-1,,,Patio Door Plant,0
171555,35737,Ltcp137,11/3/2025,4,1,528210,11/6/2025,11/4/2025,,1,,,-1,,,Patio Door Plant,0
171556,35737,Ltcp137,11/3/2025,5,1,528219,11/6/2025,11/4/2025,,1,,,-1,,,Patio Door Plant,0
171557,35737,Ltcp137,11/3/2025,6,1,528634,11/6/2025,11/4/2025,,1,,,-1,,,Patio Door Plant,0
171558,35737,Ltcp137,11/3/2025,7,1,528021,11/6/2025,11/4/2025,,1,,,-1,,,Patio Door Plant,0
171559,35737,Ltcp137,11/3/2025,8,1,Gentek 265,11/6/2025,11/4/2025,,1,,,-1,,,Patio Door Plant,0
171707,35771,Ltcp137,11/5/2025,1,1,528219,11/7/2025,11/6/2025,,1,,,-1,,,Main Plant,0
171708,35771,Ltcp137,11/5/2025,2,1,528215,11/7/2025,11/6/2025,,1,,,-1,,,Main Plant,0
171709,35771,Ltcp137,11/5/2025,3,6,528634,11/7/2025,11/6/2025,,6,,,-1,,,Main Plant,0
171710,35771,Ltcp137,11/5/2025,4,1,528021,11/7/2025,11/6/2025,,1,,,-1,,,Main Plant,0
171711,35771,Ltcp137,11/5/2025,5,1,400050,11/7/2025,11/6/2025,,1,,,-1,,,Main Plant,0
171899,35802,Ltcp137,11/6/2025,1,10,528802,11/11/2025,11/7/2025,,10,,,-1,,,Patio Door Plant,0
171900,35802,Ltcp137,11/6/2025,2,1,528606,11/11/2025,11/7/2025,,1,,,-1,,,Patio Door Plant,0
171901,35802,Ltcp137,11/6/2025,3,1,528925,11/11/2025,11/7/2025,,1,,,-1,,,Patio Door Plant,0
171902,35802,Ltcp137,11/6/2025,4,1,528221,11/11/2025,11/7/2025,,1,,,-1,,,Patio Door Plant,0
171903,35802,Ltcp137,11/6/2025,5,1,Gentek 509,11/11/2025,11/7/2025,,1,,,-1,,,Patio Door Plant,0
172041,35839,Ltcp137,11/10/2025,1,1,Gentek 554,11/12/2025,11/11/2025,,1,,,-1,,,Main Plant,0
172042,35839,Ltcp137,11/10/2025,2,1,528210,11/12/2025,11/11/2025,,1,,,-1,,,Main Plant,0
172043,35839,Ltcp137,11/10/2025,3,1,70138,11/12/2025,11/11/2025,,1,,,-1,,,Main Plant,0
172044,35839,Ltcp137,11/10/2025,4,1,528221,11/12/2025,11/11/2025,,1,,,-1,,,Main Plant,0
172045,35839,Ltcp137,11/10/2025,5,2,528111,11/12/2025,11/11/2025,,2,,,-1,,,Main Plant,0
172046,35839,Ltcp137,11/10/2025,6,3,400050,11/12/2025,11/11/2025,,3,,,-1,,,Main Plant,0
172047,35839,Ltcp137,11/10/2025,7,3,Gentek 265,11/12/2025,11/11/2025,,3,,,-1,,,Main Plant,0
172048,35839,Ltcp137,11/10/2025,8,1,KV Solid Cream,11/12/2025,11/11/2025,,1,,,-1,,,Main Plant,0
172049,35839,Ltcp137,11/10/2025,9,1,Gentek 513,11/12/2025,11/11/2025,,1,,,-1,,,Main Plant,0
172081,35847,Ltcp137,11/10/2025,1,10,528802,11/10/2025,11/11/2025,,10,,,-1,,,Patio Door Plant,0
172082,35847,Ltcp137,11/10/2025,2,2,400050,11/10/2025,11/11/2025,,2,,,-1,,,Patio Door Plant,0
172083,35847,Ltcp137,11/10/2025,3,1,Gentek 5X2,11/10/2025,11/11/2025,,1,,,-1,,,Patio Door Plant,0
172084,35847,Ltcp137,11/10/2025,4,1,Gentek 502,11/10/2025,11/11/2025,,1,,,-1,,,Patio Door Plant,0
172172,35872,Ltcp137,11/12/2025,1,1,CS1164,11/14/2025,11/13/2025,,1,,,-1,,,Main Plant,0
172173,35872,Ltcp137,11/12/2025,2,1,STAIN REDUCER,11/14/2025,11/13/2025,,1,,,-1,,,Main Plant,0
172174,35872,Ltcp137,11/12/2025,3,10,528802,11/14/2025,11/13/2025,,10,,,-1,,,Main Plant,0
172175,35872,Ltcp137,11/12/2025,4,1,528214,11/14/2025,11/13/2025,,1,,,-1,,,Main Plant,0
172176,35872,Ltcp137,11/12/2025,5,2,528925,11/14/2025,11/13/2025,,2,,,-1,,,Main Plant,0
172177,35872,Ltcp137,11/12/2025,6,1,528405,11/14/2025,11/13/2025,,1,,,-1,,,Main Plant,0
172178,35872,Ltcp137,11/12/2025,7,1,528210,11/14/2025,11/13/2025,,1,,,-1,,,Main Plant,0
172179,35872,Ltcp137,11/12/2025,8,1,528215,11/14/2025,11/13/2025,,1,,,-1,,,Main Plant,0
172180,35872,Ltcp137,11/12/2025,9,1,528111,11/14/2025,11/13/2025,,1,,,-1,,,Main Plant,0
172181,35872,Ltcp137,11/12/2025,10,5,528634,11/14/2025,11/13/2025,,5,,,-1,,,Main Plant,0
172182,35872,Ltcp137,11/12/2025,11,2,528616,11/14/2025,11/13/2025,,2,,,-1,,,Main Plant,0
172183,35872,Ltcp137,11/12/2025,12,2,528021,11/14/2025,11/13/2025,,2,,,-1,,,Main Plant,0
172184,35872,Ltcp137,11/12/2025,13,1,Gentek 567,11/14/2025,11/13/2025,,1,,,-1,,,Main Plant,0
172185,35872,Ltcp137,11/12/2025,14,1,Gentek 5P8,11/14/2025,11/13/2025,,1,,,-1,,,Main Plant,0
172186,35872,Ltcp137,11/12/2025,15,1,Gentek 542,11/14/2025,11/13/2025,,1,,,-1,,,Main Plant,0
172187,35872,Ltcp137,11/12/2025,16,1,NC0024L3.2-CLEARCOAT  30 %,11/14/2025,11/13/2025,,1,,,-1,,,Main Plant,0
172426,35920,Ltcp137,11/14/2025,1,1,528110,11/17/2025,11/17/2025,,1,,,-1,,,Main Plant,0
172427,35920,Ltcp137,11/14/2025,2,40,528802,11/17/2025,11/17/2025,,40,,,-1,,,Main Plant,0
172428,35920,Ltcp137,11/14/2025,3,1,Gentek 554,11/17/2025,11/17/2025,,1,,,-1,,,Main Plant,0
172429,35920,Ltcp137,11/14/2025,4,5,528925,11/17/2025,11/17/2025,,5,,,-1,,,Main Plant,0
172430,35920,Ltcp137,11/14/2025,5,2,528219,11/17/2025,11/17/2025,,2,,,-1,,,Main Plant,0
172431,35920,Ltcp137,11/14/2025,6,2,528304,11/17/2025,11/17/2025,,2,,,-1,,,Main Plant,0
172432,35920,Ltcp137,11/14/2025,7,5,528111,11/17/2025,11/17/2025,,5,,,-1,,,Main Plant,0
172433,35920,Ltcp137,11/14/2025,8,3,528634,11/17/2025,11/17/2025,,3,,,-1,,,Main Plant,0
172434,35920,Ltcp137,11/14/2025,9,5,528021,11/17/2025,11/17/2025,,5,,,-1,,,Main Plant,0
172435,35920,Ltcp137,11/14/2025,10,2,585022,11/17/2025,11/17/2025,,2,,,-1,,,Main Plant,0
172436,35920,Ltcp137,11/14/2025,11,8,400050,11/17/2025,11/17/2025,,8,,,-1,,,Main Plant,0
172437,35920,Ltcp137,11/14/2025,12,1,Gentek 265,11/17/2025,11/17/2025,,1,,,-1,,,Main Plant,0
172438,35920,Ltcp137,11/14/2025,13,1,Gentek 5P8,11/17/2025,11/17/2025,,1,,,-1,,,Main Plant,0
172439,35920,Ltcp137,11/14/2025,14,1,Gentek 5H2,11/17/2025,11/17/2025,,1,,,-1,,,Main Plant,0
172440,35920,Ltcp137,11/14/2025,15,1,NC0024L3.2-CLEARCOAT  30 %,11/17/2025,11/17/2025,,1,,,-1,,,Main Plant,0
172682,35953,Ltcp137,11/17/2025,1,1,70132,11/19/2025,11/18/2025,,1,,,-1,,,Main Plant,0
172683,35953,Ltcp137,11/17/2025,2,1,70134,11/19/2025,11/18/2025,,1,,,-1,,,Main Plant,0
172684,35953,Ltcp137,11/17/2025,3,4,400050,11/19/2025,11/18/2025,,4,,,-1,,,Main Plant,0
172685,35953,Ltcp137,11/17/2025,4,3,KV Solid Cream,11/19/2025,11/18/2025,,3,,,-1,,,Main Plant,0
172686,35953,Ltcp137,11/17/2025,5,1,Gentek P31,11/19/2025,11/18/2025,,1,,,-1,,,Main Plant,0
172730,35961,Ltcp137,11/17/2025,1,10,528802,11/21/2025,11/17/2025,,10,,,-1,,,Patio Door Plant,0
172731,35961,Ltcp137,11/17/2025,2,1,528925,11/21/2025,11/17/2025,,1,,,-1,,,Patio Door Plant,0
172732,35961,Ltcp137,11/17/2025,3,1,528210,11/21/2025,11/17/2025,,1,,,-1,,,Patio Door Plant,0
172733,35961,Ltcp137,11/17/2025,4,1,528634,11/21/2025,11/17/2025,,1,,,-1,,,Patio Door Plant,0
172734,35961,Ltcp137,11/17/2025,5,1,528616,11/21/2025,11/17/2025,,1,,,-1,,,Patio Door Plant,0
172735,35961,Ltcp137,11/17/2025,6,1,528021,11/21/2025,11/17/2025,,1,,,-1,,,Patio Door Plant,0
172999,36000,Ltcp137,11/20/2025,1,1,CS1164,11/24/2025,11/21/2025,,1,,,-1,,,Main Plant,0
173000,36000,Ltcp137,11/20/2025,2,30,528802,11/24/2025,11/21/2025,,30,,,-1,,,Main Plant,0
173001,36000,Ltcp137,11/20/2025,3,1,528214,11/24/2025,11/21/2025,,1,,,-1,,,Main Plant,0
173002,36000,Ltcp137,11/20/2025,4,2,Gentek 554,11/24/2025,11/21/2025,,2,,,-1,,,Main Plant,0
173003,36000,Ltcp137,11/20/2025,5,4,528925,11/24/2025,11/21/2025,,4,,,-1,,,Main Plant,0
173004,36000,Ltcp137,11/20/2025,6,1,70131,11/24/2025,11/21/2025,,1,,,-1,,,Main Plant,0
173005,36000,Ltcp137,11/20/2025,7,1,70134,11/24/2025,11/21/2025,,1,,,-1,,,Main Plant,0
173006,36000,Ltcp137,11/20/2025,8,1,528210,11/24/2025,11/21/2025,,1,,,-1,,,Main Plant,0
173007,36000,Ltcp137,11/20/2025,9,1,528221,11/24/2025,11/21/2025,,1,,,-1,,,Main Plant,0
173008,36000,Ltcp137,11/20/2025,10,3,528111,11/24/2025,11/21/2025,,3,,,-1,,,Main Plant,0
173009,36000,Ltcp137,11/20/2025,11,1,400426,11/24/2025,11/21/2025,,1,,,-1,,,Main Plant,0
173010,36000,Ltcp137,11/20/2025,12,3,528634,11/24/2025,11/21/2025,,3,,,-1,,,Main Plant,0
173011,36000,Ltcp137,11/20/2025,13,2,528021,11/24/2025,11/21/2025,,2,,,-1,,,Main Plant,0
173012,36000,Ltcp137,11/20/2025,14,1,585022,11/24/2025,11/21/2025,,1,,,-1,,,Main Plant,0
173013,36000,Ltcp137,11/20/2025,15,3,400050,11/24/2025,11/21/2025,,3,,,-1,,,Main Plant,0
173014,36000,Ltcp137,11/20/2025,16,1,Gentek 265,11/24/2025,11/21/2025,,1,,,-1,,,Main Plant,0
173015,36000,Ltcp137,11/20/2025,17,1,Gentek 567,11/24/2025,11/21/2025,,1,,,-1,,,Main Plant,0
173016,36000,Ltcp137,11/20/2025,18,1,Gentek 5P8,11/24/2025,11/21/2025,,1,,,-1,,,Main Plant,0
173017,36000,Ltcp137,11/20/2025,19,1,Gentek 5H2,11/24/2025,11/21/2025,,1,,,-1,,,Main Plant,0
173018,36000,Ltcp137,11/20/2025,20,2,NC0024L3.2-CLEARCOAT  30 %,11/24/2025,11/21/2025,,2,,,-1,,,Main Plant,0
173287,36056,Ltcp137,11/24/2025,1,1,528634,11/28/2025,11/25/2025,,1,,,-1,,,Patio Door Plant,0
173288,36056,Ltcp137,11/24/2025,2,1,528613,11/28/2025,11/25/2025,,1,,,-1,,,Patio Door Plant,0
173289,36056,Ltcp137,11/24/2025,3,1,528021,11/28/2025,11/25/2025,,1,,,-1,,,Patio Door Plant,0
173290,36056,Ltcp137,11/24/2025,4,1,400050,11/28/2025,11/25/2025,,1,,,-1,,,Patio Door Plant,0
173317,36065,Ltcp137,11/25/2025,1,1,CS1164,12/1/2025,11/25/2025,,1,,,-1,,,Main Plant,0
173318,36065,Ltcp137,11/25/2025,2,50,528802,12/1/2025,11/25/2025,,50,,,-1,,,Main Plant,0
173319,36065,Ltcp137,11/25/2025,3,1,528214,12/1/2025,11/25/2025,,1,,,-1,,,Main Plant,0
173320,36065,Ltcp137,11/25/2025,4,1,528620,12/1/2025,11/25/2025,,1,,,-1,,,Main Plant,0
173321,36065,Ltcp137,11/25/2025,5,2,Gentek 554,12/1/2025,11/25/2025,,2,,,-1,,,Main Plant,0
173322,36065,Ltcp137,11/25/2025,6,4,528925,12/1/2025,11/25/2025,,4,,,-1,,,Main Plant,0
173323,36065,Ltcp137,11/25/2025,7,2,70131,12/1/2025,11/25/2025,,2,,,-1,,,Main Plant,0
173324,36065,Ltcp137,11/25/2025,8,2,70134,12/1/2025,11/25/2025,,2,,,-1,,,Main Plant,0
173325,36065,Ltcp137,11/25/2025,9,2,528210,12/1/2025,11/25/2025,,2,,,-1,,,Main Plant,0
173326,36065,Ltcp137,11/25/2025,10,1,528221,12/1/2025,11/25/2025,,1,,,-1,,,Main Plant,0
173327,36065,Ltcp137,11/25/2025,11,1,528304,12/1/2025,11/25/2025,,1,,,-1,,,Main Plant,0
173328,36065,Ltcp137,11/25/2025,12,4,528111,12/1/2025,11/25/2025,,4,,,-1,,,Main Plant,0
173329,36065,Ltcp137,11/25/2025,13,1,400426,12/1/2025,11/25/2025,,1,,,-1,,,Main Plant,0
173330,36065,Ltcp137,11/25/2025,14,7,528634,12/1/2025,11/25/2025,,7,,,-1,,,Main Plant,0
173331,36065,Ltcp137,11/25/2025,15,2,528613,12/1/2025,11/25/2025,,2,,,-1,,,Main Plant,0
173332,36065,Ltcp137,11/25/2025,16,6,528021,12/1/2025,11/25/2025,,6,,,-1,,,Main Plant,0
173333,36065,Ltcp137,11/25/2025,17,2,585022,12/1/2025,11/25/2025,,2,,,-1,,,Main Plant,0
173334,36065,Ltcp137,11/25/2025,18,8,400050,12/1/2025,11/25/2025,,8,,,-1,,,Main Plant,0
173335,36065,Ltcp137,11/25/2025,19,2,Gentek 265,12/1/2025,11/25/2025,,2,,,-1,,,Main Plant,0
173336,36065,Ltcp137,11/25/2025,20,1,Gentek 567,12/1/2025,11/25/2025,,1,,,-1,,,Main Plant,0
173337,36065,Ltcp137,11/25/2025,21,1,Gentek 513,12/1/2025,11/25/2025,,1,,,-1,,,Main Plant,0
173338,36065,Ltcp137,11/25/2025,22,1,Gentek 5P8,12/1/2025,11/25/2025,,1,,,-1,,,Main Plant,0
173339,36065,Ltcp137,11/25/2025,23,1,Gentek 5H2,12/1/2025,11/25/2025,,1,,,-1,,,Main Plant,0
173340,36065,Ltcp137,11/25/2025,24,2,NC0024L3.2-CLEARCOAT  30 %,12/1/2025,11/25/2025,,2,,,-1,,,Main Plant,0
173559,36110,Ltcp137,11/27/2025,1,1,CS1152,12/1/2025,11/28/2025,,1,,,-1,,,Main Plant,0
173560,36110,Ltcp137,11/27/2025,2,1,MATT BLACK,12/1/2025,11/28/2025,,1,,,-1,,,Main Plant,0
173561,36110,Ltcp137,11/27/2025,3,1,Gentek 542,12/1/2025,11/28/2025,,1,,,-1,,,Main Plant,0
173677,36140,Ltcp137,12/1/2025,1,10,528802,12/2/2025,12/2/2025,,10,,,-1,,,Main Plant,0
173678,36140,Ltcp137,12/1/2025,2,3,528219,12/2/2025,12/2/2025,,3,,,-1,,,Main Plant,0
173679,36140,Ltcp137,12/1/2025,3,1,528021,12/2/2025,12/2/2025,,1,,,-1,,,Main Plant,0
173680,36140,Ltcp137,12/1/2025,4,1,585022,12/2/2025,12/2/2025,,1,,,-1,,,Main Plant,0
173681,36140,Ltcp137,12/1/2025,5,1,400050,12/2/2025,12/2/2025,,1,,,-1,,,Main Plant,0
173682,36140,Ltcp137,12/1/2025,6,1,Gentek 580,12/2/2025,12/2/2025,,1,,,-1,,,Main Plant,0
173747,36154,Ltcp137,12/1/2025,1,10,528802,12/9/2025,12/2/2025,,10,,,-1,,,Patio Door Plant,0
173748,36154,Ltcp137,12/1/2025,2,1,528202,12/9/2025,12/2/2025,,1,,,-1,,,Patio Door Plant,0
173749,36154,Ltcp137,12/1/2025,3,1,528215,12/9/2025,12/2/2025,,1,,,-1,,,Patio Door Plant,0
173750,36154,Ltcp137,12/1/2025,4,2,528634,12/9/2025,12/2/2025,,2,,,-1,,,Patio Door Plant,0
173751,36154,Ltcp137,12/1/2025,5,1,528021,12/9/2025,12/2/2025,,1,,,-1,,,Patio Door Plant,0
173752,36154,Ltcp137,12/1/2025,6,1,400050,12/9/2025,12/2/2025,,1,,,-1,,,Patio Door Plant,0
173933,36195,Ltcp137,12/4/2025,1,1,CS1152,12/8/2025,12/5/2025,,1,,,-1,,,Main Plant,0
173934,36195,Ltcp137,12/4/2025,2,1,STAIN REDUCER,12/8/2025,12/5/2025,,1,,,-1,,,Main Plant,0
173935,36195,Ltcp137,12/4/2025,3,10,528802,12/8/2025,12/5/2025,,10,,,-1,,,Main Plant,0
173936,36195,Ltcp137,12/4/2025,4,4,528219,12/8/2025,12/5/2025,,4,,,-1,,,Main Plant,0
173937,36195,Ltcp137,12/4/2025,5,2,528111,12/8/2025,12/5/2025,,2,,,-1,,,Main Plant,0
173938,36195,Ltcp137,12/4/2025,6,2,528021,12/8/2025,12/5/2025,,2,,,-1,,,Main Plant,0
173939,36195,Ltcp137,12/4/2025,7,2,585022,12/8/2025,12/5/2025,,2,,,-1,,,Main Plant,0
173940,36195,Ltcp137,12/4/2025,8,2,400050,12/8/2025,12/5/2025,,2,,,-1,,,Main Plant,0
173941,36195,Ltcp137,12/4/2025,9,1,Gentek 5H6,12/8/2025,12/5/2025,,1,,,-1,,,Main Plant,0
173942,36195,Ltcp137,12/4/2025,10,2,Gentek 580,12/8/2025,12/5/2025,,2,,,-1,,,Main Plant,0
173943,36195,Ltcp137,12/4/2025,11,1,Gentek 509,12/8/2025,12/5/2025,,1,,,-1,,,Main Plant,0
174101,36239,Ltcp137,12/8/2025,1,1,528021,12/11/2025,12/8/2025,,1,,,-1,,,Patio Door Plant,0
174102,36239,Ltcp137,12/8/2025,2,5,528802,12/11/2025,12/8/2025,,5,,,-1,,,Patio Door Plant,0
174103,36239,Ltcp137,12/8/2025,3,1,528214,12/11/2025,12/8/2025,,1,,,-1,,,Patio Door Plant,0
174104,36239,Ltcp137,12/8/2025,4,1,Gentek 554,12/11/2025,12/8/2025,,1,,,-1,,,Patio Door Plant,0
174105,36239,Ltcp137,12/8/2025,5,2,528925,12/11/2025,12/8/2025,,2,,,-1,,,Patio Door Plant,0
173617,36123,Ltcp137,11/28/2025,1,1,CS0445,,12/1/2025,,0,,,0,,,Main Plant,0
173618,36123,Ltcp137,11/28/2025,2,1,528110,,12/1/2025,,0,,,0,,,Main Plant,0
173619,36123,Ltcp137,11/28/2025,3,30,528802,,12/1/2025,,0,,,0,,,Main Plant,0
173620,36123,Ltcp137,11/28/2025,4,1,70024,,12/1/2025,,0,,,0,,,Main Plant,0
173621,36123,Ltcp137,11/28/2025,5,1,528304,,12/1/2025,,0,,,0,,,Main Plant,0
173622,36123,Ltcp137,11/28/2025,6,1,528111,,12/1/2025,,0,,,0,,,Main Plant,0
173623,36123,Ltcp137,11/28/2025,7,1,Gentek 5X2,,12/1/2025,,0,,,0,,,Main Plant,0
174245,36275,Ltcp137,12/10/2025,1,10,528802,,12/10/2025,,0,,,0,,,Main Plant,0
174246,36275,Ltcp137,12/10/2025,2,1,70024,,12/10/2025,,0,,,0,,,Main Plant,0
174247,36275,Ltcp137,12/10/2025,3,1,Gentek 554,,12/10/2025,,0,,,0,,,Main Plant,0
174248,36275,Ltcp137,12/10/2025,4,1,528925,,12/10/2025,,0,,,0,,,Main Plant,0
174249,36275,Ltcp137,12/10/2025,5,1,70131,,12/10/2025,,0,,,0,,,Main Plant,0
174250,36275,Ltcp137,12/10/2025,6,1,528219,,12/10/2025,,0,,,0,,,Main Plant,0
174251,36275,Ltcp137,12/10/2025,7,1,528111,,12/10/2025,,0,,,0,,,Main Plant,0
174252,36275,Ltcp137,12/10/2025,8,2,528021,,12/10/2025,,0,,,0,,,Main Plant,0
174253,36275,Ltcp137,12/10/2025,9,1,585022,,12/10/2025,,0,,,0,,,Main Plant,0
174254,36275,Ltcp137,12/10/2025,10,1,400050,,12/10/2025,,0,,,0,,,Main Plant,0
174255,36275,Ltcp137,12/10/2025,11,1,Gentek 5H6,,12/10/2025,,0,,,0,,,Main Plant,0
174256,36275,Ltcp137,12/10/2025,12,1,Gentek 502,,12/10/2025,,0,,,0,,,Main Plant,0
174257,36275,Ltcp137,12/10/2025,13,1,Gentek P31,,12/10/2025,,0,,,0,,,Main Plant,0
174258,36275,Ltcp137,12/10/2025,14,1,METALLIC BLACK CHROME,,12/10/2025,,0,,,0,,,Main Plant,0
174259,36275,Ltcp137,12/10/2025,15,1,NC0024L3.2-CLEARCOAT  30 %,,12/10/2025,,0,,,0,,,Main Plant,0
174288,36282,Ltcp137,12/11/2025,1,1,MATT BLACK,,12/11/2025,,0,,,0,,,Main Plant,0
174438,36323,Ltcp137,12/15/2025,1,1,CS0142,,12/16/2025,,0,,,0,,,Main Plant,0
174439,36323,Ltcp137,12/15/2025,2,1,STAIN REDUCER,,12/16/2025,,0,,,0,,,Main Plant,0
174440,36323,Ltcp137,12/15/2025,3,1,528110,,12/16/2025,,0,,,0,,,Main Plant,0
174441,36323,Ltcp137,12/15/2025,4,1,528925,,12/16/2025,,0,,,0,,,Main Plant,0
174442,36323,Ltcp137,12/15/2025,5,1,70131,,12/16/2025,,0,,,0,,,Main Plant,0
174443,36323,Ltcp137,12/15/2025,6,1,528927,,12/16/2025,,0,,,0,,,Main Plant,0
174444,36323,Ltcp137,12/15/2025,7,1,528219,,12/16/2025,,0,,,0,,,Main Plant,0
174445,36323,Ltcp137,12/15/2025,8,1,528215,,12/16/2025,,0,,,0,,,Main Plant,0
174446,36323,Ltcp137,12/15/2025,9,2,528111,,12/16/2025,,0,,,0,,,Main Plant,0
174447,36323,Ltcp137,12/15/2025,10,8,528634,,12/16/2025,,0,,,0,,,Main Plant,0
174448,36323,Ltcp137,12/15/2025,11,3,528021,,12/16/2025,,0,,,0,,,Main Plant,0
174449,36323,Ltcp137,12/15/2025,12,1,585022,,12/16/2025,,0,,,0,,,Main Plant,0
174450,36323,Ltcp137,12/15/2025,13,3,400050,,12/16/2025,,0,,,0,,,Main Plant,0
174451,36323,Ltcp137,12/15/2025,14,1,Gentek 5X2,,12/16/2025,,0,,,0,,,Main Plant,0
174452,36323,Ltcp137,12/15/2025,15,1,Gentek 542,,12/16/2025,,0,,,0,,,Main Plant,0
174453,36323,Ltcp137,12/15/2025,16,2,NC0024L3.2-CLEARCOAT  30 %,,12/16/2025,,0,,,0,,,Main Plant,0
174496,36334,Ltcp137,12/15/2025,1,40,528802,,12/16/2025,,0,,,0,,,Main Plant,0
